Cleaned_SMILES,pdb_id
CC(O)N[C@H]1[C@H]([C@H](O)[C@H](O)CO)O[C@](O)(C(O)O)C[C@@H]1O,3gvl_1_SLB_2
OC[C@H]1O[C@H](O[PH](O)(O)O[PH](O)(O)OC[C@H]2O[C@@H](N3CCC(O)NC3O)[C@H](O)[C@@H]2O)[C@H](O)[C@@H](O)[C@H]1O,3inr_1_GDU_0
NC1NC(O)C2NCN([C@@H]3O[C@H](CO[PH](O)(O)O[PH](O)(O)O[PH](O)(O)O)[C@@H](O)[C@H]3O)C2N1,3jqm_1_GTP_5
CC(O)N[C@H]1[C@H]([C@H](O)[C@H](O)CO)O[C@](O)(C(O)O)C[C@@H]1O,3ju4_1_SLB_2
C[N+](C)(C)CCO,4cnl_1_CHT_1
OC(O)CCC(O)O,1hg0_1_SIN_1
CC1CC2NC3C(O)NC(O)NC3N(C[C@H](O)[C@H](O)[C@H](O)CO[PH](O)(O)O[PH](O)(O)OC[C@H]3O[C@@H](N4CNC5C(N)NCNC54)[C@H](O)[C@@H]3O)C2CC1C,1i8t_1_FAD_1
OC1NC(O)N([C@H]2C[C@H](O)[C@@H](CO[PH](O)(O)O)O2)CC1F,1o28_1_UFP_2
C[N+](C)(C)CCO[PH](O)(O)O,1o72_2_PC_0
OC(O)CCC(O)O,1pj2_1_FUM_0
OC(O)CCC(O)O,1pj4_1_FUM_1
N[C@@H](CC1CNC2CCCCC12)C(O)O,1qaw_1_TRP_7
C[S@@H](CC[C@H](N)C(O)O)C[C@H]1O[C@@H](N2CNC3C(N)NCNC32)[C@H](O)[C@@H]1O,1rqp_1_SAM_0
C[C@@H]1CC2NC3C(O)NC(O)NC3N(C[C@H](O)[C@H](O)[C@H](O)CO[PH](O)(O)O)C2C[C@@H]1C,1sbz_1_FMN_3
NC1CCN([C@@H]2O[C@H](CO[PH](O)(O)O[PH](O)(O)OC[C@H]3O[C@H]4NC5NC(N)NC(O)C5N[C@H]4[C@@H]4S[Mo](O)(O)SC43)[C@@H](O)[C@H]2O)C(O)N1,1sij_1_PCD_0
N[C@@H](CO)C(O)O,1tke_1_SER_0
NC1NCNC2C1NCN2[C@@H]1O[C@H](COS(O)(O)NC(O)[C@@H](N)CO)[C@@H](O)[C@H]1O,1tkg_1_SSA_0
CCCCCCCC(O)O,1u8u_1_OCA_0
CSCC[C@@H](NC(N)O)C(O)O,1uf5_1_CDT_0
CC(C)[C@@H](NC(N)O)C(O)O,1uf7_1_CDV_0
NC(O)N[C@H](CC1CCCCC1)C(O)O,1uf8_1_ING_2
CCCCCCCC(O)O,1v2g_1_OCA_0
NC1NC(O)[C@@H]2N[C@H]3C(S)C(S)[C@@H](CO[PH](O)(O)O)O[C@H]3NC2N1,1v97_1_MTE_1
NC1CCN([C@@H]2O[C@H](CO[PH](O)(O)O[PH](O)(O)O[PH](O)(O)O)[C@@H](O)[C@H]2O)C(O)N1,1za2_1_CTP_4
O[C@@H]1[C@@H](O)[C@@H](O)OC[C@H]1O,2cdc_1_XYS_5
N[C@@H](CC1CNC2CCCCC12)C(O)O,2ext_1_TRP_0
CC(O)N[C@@H]1[C@@H](O)[C@H](O[C@@H]2O[C@H](CO)[C@H](O)[C@H](O[C@H]3O[C@H](CO)[C@H](O)[C@H](O)[C@H]3O)[C@H]2O)[C@@H](CO)O[C@H]1O,2g7c_1_NAG-GAL-GLA_1
OC(O)C1CCCO1,2gag_1_FOA_0
NC1NCNC2C1NCN2[C@@H]1O[C@H](CO[PH](O)(O)O[PH](O)(O)OC[C@H]2O[C@@H](N3CCCC([C@H](N)O)C3)[C@H](O)[C@@H]2O)[C@@H](O)[C@H]1O,2gag_1_NAD_0
NC(O)C1CCCN([C@@H]2O[C@H](CO[PH](O)(O)O[PH](O)(O)OC[C@H]3O[C@@H](N4CNC5C(N)NCNC54)[C@H](O)[C@@H]3O)[C@@H](O)[C@H]2O)C1,2gah_1_NAD_0
OC(O)C1CCCO1,2gf3_2_FOA_1
NC(O)C[C@H](N)C(O)O,2him_1_ASN_3
OC(O)[C@H]1C[C@@H](O)[C@@H](O)[C@H](O)C1,2hk9_1_SKM_0
OCNCC(O)N[C@@H]1O[C@H](CO[PH](O)(O)O)[C@@H](O)[C@H]1O,2hs3_1_FGR_0
CCC1C(C)C2C[C@@H]3[C@H](C)[C@H](CCC(O)O)C4CC5[C@@H](CCC(O)O)C(C)C6CC7[C@@H](CC)[C@H](C)C8CC1N2[Mn@SP2](N65)(N87)N43,2o5m_1_MNR_0
NC(O)N[C@H]1NC(O)NC1O,2q37_1_3AL_0
NC1NCNC2C1NCN2[C@@H]1O[C@H](CO)[C@@H](O)[C@H]1O,2q6k_1_ADN_1
OC[C@@H](O)CO[PH](O)(O)O,2r4e_1_13P_0
OS(O)(O)OC[C@H]1O[C@@](COS(O)(O)O)(O[C@H]2O[C@H](COS(O)(O)O)[C@@H](OS(O)(O)O)[C@H](OS(O)(O)O)[C@H]2OS(O)(O)O)[C@@H](OS(O)(O)O)[C@@H]1OS(O)(O)O,2v5e_1_GU4-YYJ_0
NC1NCNC2C1NCN2[C@@H]1O[C@H](CSCC[C@H](N)C(O)O)[C@@H](O)[C@H]1O,2v7t_1_SAH_4
C[S@@H](CC[C@H](N)C(O)O)C[C@H]1O[C@@H](N2CNC3C(N)NCNC32)[C@H](O)[C@@H]1O,2v7u_1_SAM_2
NC1NCNC2C1NCN2[C@@H]1O[C@H](CF)[C@@H](O)[C@H]1O,2v7v_1_5FD_0
NC1NCNC2C1NCN2[C@@H]1O[C@H](CF)[C@@H](O)[C@H]1O,2v7w_1_5FD_0
CCCCCCCC,2vdf_1_OCT_0
OC[C@@H](O)[C@@H](O)[C@H](O)[C@H](O)CO,2vfu_1_MTL_0
OC[C@H]1O[C@@H](O[C@H]2[C@H](O)[C@@H](O)[C@H](O[C@H]3[C@H](O)[C@@H](O)[C@H](O[C@H]4[C@H](O)[C@@H](O)[C@H](O[C@H]5[C@H](O)[C@@H](O)[C@H](O)O[C@@H]5CO)O[C@@H]4CO)O[C@@H]3CO)O[C@@H]2CO)[C@H](O)[C@@H](O)[C@@H]1O,2wab_1_BGC-BGC-BGC-BGC-BGC_0
OC[C@H]1O[C@@H](O[C@H]2[C@H](O)[C@@H](O)[C@H](O[C@H]3[C@H](O)[C@@H](O)[C@H](O[C@H]4[C@H](O)[C@@H](O)[C@H](O[C@H]5[C@H](O)[C@@H](O)[C@H](O)O[C@@H]5CO)O[C@@H]4CO)O[C@@H]3CO)O[C@@H]2CO)[C@H](O)[C@@H](O)[C@@H]1O,2wao_1_BGC-BGC-BGC-BGC-BGC_0
NC1NCNC2C1NCN2[C@@H]1O[C@H](CSCC[C@H](N)C(O)O)[C@@H](O)[C@H]1O,2wr8_1_SAH_1
C[N+](C)(C)CCO,2wwc_1_CHT_2
COC1C(O)C(C)C(CCC(C)CCCC(C)CCCC(C)CCC[C@H](C)CCCC(C)CCC[C@H](C)CCCC(C)CCCC(C)C)C(O)C1OC,2x34_2_UQ8_0
OC(O)[C@H]1CCCNC1,2xrh_1_NIO_1
CCO[PH](O)(O)O[PH](O)(O)OC[C@H]1O[C@@H](N2CNC3C(N)NCNC32)[C@H](O)[C@@H]1O[PH](O)(O)O,2xta_1_ACO_0
N[C@@H](CC1CNC2CCCCC12)C(O)O,2zcz_2_TRP_3
N[C@@H](CC1CNC2CCCCC12)C(O)O,2zd0_1_TRP_9
CCCCCCC(O)OC[C@H](CO[PH](O)(O)O)OC(O)CCCCCC,2ze9_1_PD7_0
N[C@H](O)C1CCCN([C@@H]2O[C@H](CO[PH](O)(O)O[PH](O)(O)OC[C@H]3O[C@@H](N4CNC5[C@H](N)NCN[C@H]54)[C@H](O)[C@@H]3O)[C@@H](O)[C@H]2O)C1,3ad7_1_NAD_0
NC1NCNC2[C@@H]1NCN2[C@@H]1O[C@H](CO[PH](O)(O)O[PH](O)(O)OC[C@H]2O[C@@H](N3CCCC([C@H](N)O)C3)[C@H](O)[C@@H]2O)[C@@H](O)[C@H]1O,3ad9_1_NAD_0
N[C@H](O)C1CCCN([C@@H]2O[C@H](CO[PH](O)(O)O[PH](O)(O)OC[C@H]3O[C@@H](N4CN[C@@H]5[C@H](N)NCN[C@H]54)[C@H](O)[C@@H]3O)[C@@H](O)[C@H]2O)C1,3ada_1_NAD_0
N[C@@H](CC(O)O)C(O)O,3eca_1_ASP_3
CC1CC2NC3C(O)NC(O)NC3N(C[C@H](O)[C@H](O)[C@H](O)CO[PH](O)(O)O[PH](O)(O)OC[C@H]3O[C@@H](N4CNC5C4NCN[C@H]5N)[C@H](O)[C@@H]3O)C2CC1C,3gf4_1_FAD_1
OC1CCN([C@@H]2O[C@H](CO[PH](O)(O)O)[C@@H](O)[C@H]2O)C(O)N1,3gf4_1_U5P_0
OC1CCN([C@@H]2O[C@H](CO[PH](O)(O)O[PH](O)(O)O)[C@@H](O)[C@H]2O)C(O)N1,3he3_5_UDP_0
NCCC[C@H](N)C(O)O,3it6_1_ORN_1
OC[C@H]1O[C@H](O[C@H]2[C@H](O)[C@@H](O)[C@@H](O[C@H]3[C@H](O)[C@@H](O)[C@@H](O[C@H]4[C@H](O)[C@@H](O)[C@@H](O[C@H]5[C@H](O)[C@@H](O)[C@@H](O)O[C@@H]5CO)O[C@@H]4CO)O[C@@H]3CO)O[C@@H]2CO)[C@H](O)[C@@H](O)[C@@H]1O,3k8l_1_GLC-GLC-GLC-GLC-GLC_0
C[C@H]1O[C@H](O[C@H]2[C@H](O)[C@@H](O)[C@@H](O[C@H]3[C@H](O)[C@@H](O)[C@@H](O)O[C@@H]3CO)O[C@@H]2CO)[C@H](O)[C@@H](O)[C@@H]1N[C@H]1CC(CO)[C@@H](O)[C@H](O)[C@H]1O,3k8m_1_GLC-GLC-AC1_0
NC1NC(O)C2N[C@@H]3[C@H](NC2N1)O[C@H](CO[PH](O)(O)O)C(S)[C@@H]3S,3nvv_1_MTE_1
C[C@H](CCC(O)O)[C@H]1CC[C@H]2[C@@H]3CC[C@@H]4C[C@H](O)CC[C@]4(C)[C@H]3C[C@H](O)[C@]12C,3o01_2_DXC_0
C[C@H](CCC(O)O)[C@H]1CC[C@H]2[C@@H]3[C@H](O)C[C@@H]4C[C@H](O)CC[C@]4(C)[C@H]3CC[C@]12C,3o02_2_JN3_0
NC(O)NC1NC(O)NC1O,3o7j_1_2AL_0
CC1CCC(O)CC1,3q14_1_PCR_3
OS(O)(O)OC[C@H]1O[C@@](COS(O)(O)O)(O[C@H]2O[C@H](COS(O)(O)O)[C@@H](OS(O)(O)O)[C@H](OS(O)(O)O)[C@H]2OS(O)(O)O)[C@@H](OS(O)(O)O)[C@@H]1OS(O)(O)O,3qrc_2_GU4-YYJ_0
OC[C@H]1O[C@H](O[C@@H]2[C@H](O)[C@@H](OC[C@H]3O[C@@H](O)[C@@H](O)[C@@H](O[C@H]4O[C@H](CO)[C@@H](O)[C@H](O)[C@@H]4O)[C@@H]3O)O[C@H](CO)[C@H]2O)[C@@H](O)[C@@H](O)[C@@H]1O,3s5x_1_BMA-MAN-MAN-MAN-MAN_0
NC1NCNC2C1NCN2[C@@H]1O[C@H](CO[PH](O)(O)O[PH](N)(O)O)[C@@H](O)[C@H]1O,3s6a_1_ANP_0
NC1NCNC2C1NCN2[C@@H]1O[C@H](CO[PH](O)(O)O[PH](O)(O)N[PH](O)(O)O)[C@@H](O)[C@H]1O,3se5_1_ANP_2
NC1NC(O)[C@@H]2N[C@H]3C(S)C(S)[C@@H](CO[PH](O)(O)O)O[C@H]3NC2N1,3sr6_1_MTE_1
CC(N)O,3ub7_1_ACM_1
N[C@@H](O)NO,3ub9_1_NHY_1
OC(O)C1CCCCC1O,3uni_1_SAL_0
OC(O)C1CC(O)C(O)C(O)C1,3wrb_1_GDE_0
CC1C(CC(O)O)NC(O)[C@@H](C)[C@@H]1O[PH](O)(O)OC[C@H]1O[C@@H](N2CNC3C(O)NC(N)NC32)[C@H](O)[C@@H]1O,3wvc_1_FEG_0
NC1NCNC2C1NCN2[C@@H]1O[C@H](CO[PH](O)(O)O[PH](O)(O)N[PH](O)(O)O)[C@@H](O)[C@H]1O,3zec_1_ANP_0
CCCCCCCCO[C@@H]1O[C@H](CO)[C@@H](O)[C@H](O)[C@H]1O,3zjx_1_BOG_0
C[C@H]1CC2NC3[C@H](O)N[C@H](O)N[C@@H]3N(C[C@H](O)[C@H](O)[C@H](O)CO[PH](O)(O)O)[C@@H]2C[C@@H]1C,3zqu_1_FNR_5
N[C@@H](CC1CNC2CCCCC12)C(O)O,3zzs_1_TRP_3
NC1NC(O)C2C(NC[C@@H]3CN(C4CCC([C@H](O)N[C@@H](CCC(O)O)C(O)O)CC4)C(O)N23)N1,4b4v_1_L34_0
CC1CC2[C@H](CC1C)N(C(C)CN)C1C(O)NC(O)NC1N2C[C@H](O)[C@H](O)[C@H](O)CO[PH](O)(O)O[PH](O)(O)OC[C@H]1O[C@@H](N2CNC3C(N)NCN[C@H]32)[C@H](O)[C@@H]1O,4bc9_1_CNV-FAD_0
CC1CC2NC3C(O)NC(O)NC3N(C[C@H](O)[C@H](O)[C@H](O)CO[PH](O)(O)O[PH](O)(O)OC[C@H]3O[C@@H](N4CNC5C(N)NCNC54)[C@H](O)[C@@H]3O)C2C[C@H]1C,4cdn_2_FAD_0
NC1CCN([C@H]2C[C@H](O)[C@@H](CO[PH](O)(O)O[PH](O)(O)O[PH](O)(O)O)O2)C(O)N1,4fyv_1_DCP_2
NC1CCN([C@@H]2O[C@H](CO[PH](O)(O)O[PH](O)(O)O[PH](O)(O)O)[C@@H](O)[C@H]2O)C(O)N1,4fyw_1_CTP_4
OC[C@H]1O[C@H](OC[C@H]2O[C@H](OC[C@H]3O[C@@H](O)[C@@H](O)[C@@H](O[C@H]4O[C@H](CO)[C@@H](O)[C@H](O)[C@@H]4O)[C@@H]3O)[C@@H](O)[C@@H](O[C@H]3O[C@H](CO)[C@@H](O)[C@H](O)[C@@H]3O)[C@@H]2O)[C@@H](O)[C@@H](O)[C@@H]1O,4gk9_1_BMA-MAN-MAN-MAN-MAN_3
NC1NCNC2C1NCN2[C@@H]1O[C@H](CO)[C@@H](O)[C@H]1O,4h2f_1_ADN_0
NCC(O)NC1CCC2NC(O)NC2C1,4idk_1_1FE_0
NC1CCN([C@@H]2O[C@H](CO[PH](O)(O)O[PH](O)(O)O[PH](O)(O)O)[C@@H](O)[C@H]2O)C(O)N1,4kgx_1_CTP_5
OC[C@H]1O[C@@H](O)[C@H](O)[C@@H](F)[C@@H]1O,4mig_1_G3F_2
CC1CC2[C@@H](CC1C)N[C@H]1C(O)NC(O)N[C@H]1N2C[C@H](O)[C@H](O)[C@H](O)CO[PH](O)(O)O[PH](O)(O)OC[C@H]1O[C@@H](N2CNC3C(N)NCNC32)[C@H](O)[C@@H]1O,4mo2_2_FDA_0
OC[C@H]1O[C@H](O)[C@H](F)[C@@H](O)[C@H]1O,4mos_1_GAF_1
NC(O)CCCC1CCCCC1,4n4l_1_HG1_0
NCC(O)O,4o0d_1_GLY_3
NCC(O)O,4o0f_1_GLY_3
OC(NC1CCCCC1)N[C@H]1CCNC(Cl)C1,4o95_1_245_0
OC(NC1CCCCC1)N[C@H]1CCNC(Cl)C1,4oal_2_245_0
NCC(O)O,4osx_1_GLY_2
NCC(O)O,4osy_1_GLY_3
OC1CCN([C@@H]2O[C@H](CO[PH](O)(O)O[PH](O)(O)O)[C@@H](O)[C@H]2O)C(O)N1,4pfx_1_UDP_0
OC1CCN([C@@H]2O[C@H](CO[PH](O)(O)O[PH](O)(O)O)[C@@H](O)[C@H]2O)C(O)N1,4phr_1_UDP_0
OC1CCN([C@@H]2O[C@H](CO[PH](O)([OH2+])O[PH](O)(O)[OH2+])[C@@H](O)[C@H]2O)C(O)N1,4phs_1_UDP_0
NC1NC(O)C2N[C@H]3N([C@@H]2N1)[C@@H]1O[C@H](CO[PH](O)(O)O[PH](O)(O)O[PH](O)(O)O)[C@@]3(O)[C@H]1O,4pya_1_2X3_0
CCCCCCCCCCCCCC[C@@H](O)OC[C@@H](C)O[C@@H](O)CCCCCCCCCCC,4qa8_1_PJZ_0
CC(O)N[C@H]1CO[C@H](CO)[C@@H](O)[C@@H]1O,4qo5_1_NAG_2
CC1C[C@@H]2[C@@H](C[C@@H]1C)NC1[C@H](O)NC(O)N[C@@H]1N2C[C@H](O)[C@H](O)[C@H](O)CO[PH]([O-])(O)O,4rhe_1_FMN_6
OC1CCN([C@@H]2O[C@H](CO[PH](O)(O)O[PH](O)(O)O)[C@@H](O)[C@H]2O)C(O)N1,4rpj_1_UDP_0
CCCCCC(O)SC,4rpm_1_HXC_0
OC[C@H]1O[C@@H](O)[C@H](O)[C@@H](O)[C@@H]1O,4tvd_1_BGC_4
OC[C@H]1O[C@H](O)[C@H](O)[C@@H](O)[C@@H]1O,4tvd_1_GLC_0
CC1CC2NC3C(O)NC(O)NC3N(C[C@H](O)[C@H](O)[C@H](O)CO[PH](O)(O)O[PH](O)(O)OC[C@H]3O[C@@H](N4CNC5C(N)NCNC54)[C@H](O)[C@@H]3O)C2CC1C,4u63_1_FAD_0
OC(O)C1CCCN([C@@H]2O[C@H](CO[PH](O)(O)O)[C@@H](O)[C@H]2O)C1,4uoc_1_NCN_1
NC1NCNC2C1NCN2[C@@H]1O[C@H](CO[PH](O)(O)O)[C@@H](O)[C@H]1O,4uuw_1_AMP_0
NC1NCNC2C1NCN2[C@@H]1O[C@H](CO)[C@@H](O)[C@H]1O,4xdr_1_ADN_0
OC[C@@H](O)[C@H](O)C(O)O,4xfm_1_THE_0
OC(O)CCP(CCC(O)O)CCC(O)O,4ydx_1_TCE_0
CC(C)CCN1C2CC(C)[C@@H](C)CC2N(C[C@H](O)[C@H](O)[C@H](O)CO[PH](O)(O)O)[C@H]2NC(O)N[C@@H](O)C21,4zav_1_4LS_8
C[C@H]1[C@@H](C)C[C@@H]2C3[C@@H]1C(C)(C)CCN3[C@H]1C(O)NC(O)NC1N2C[C@H](O)[C@H](O)[C@H](O)CO[PH](O)(O)O,4zaw_1_4LU_1
CC(C)CCN1[C@H]2[C@H](O)N[C@H](O)N[C@@H]2N(C[C@H](O)[C@H](O)[C@H](O)CO[PH](O)(O)O)[C@@H]2CC(C)C(C)C[C@H]21,4zay_1_4LS_6
CC(C)CCN1C2CC(C)[C@@H](C)CC2N(C[C@H](O)[C@H](O)[C@H](O)CO[PH](O)(O)O)C2N[C@@H](O)N[C@@H](O)C21,4zaz_1_4LS_6
NC1NCNC2C1NCN2[C@@H]1O[C@H](CO[PH](O)(O)O[PH](O)(O)O[PH](O)(O)O)[C@@H](O)[C@H]1O,4zqx_1_ATP_2
NC1NCNC2C1NCN2[C@@H]1O[C@H](CO[PH](O)(O)O[PH](O)(O)O[PH](O)(O)O)[C@@H](O)[C@H]1O,5a98_1_ATP_0
CCCCCC[C@H]1C(O)O[C@H](C)[C@H](N[C@H](O)[C@@H]2CCC[C@H](NCO)[C@H]2O)C(O)O[C@@H](C)[C@@H]1OC(O)CC(C)C,5ae3_2_AWB_1
CCCCCCCCO[C@@H]1O[C@H](CO)[C@@H](O)[C@H](O)[C@H]1O,5b5s_1_BOG_0
CC(C)C[C@H](N)C(=O)N[C@@H](Cc1ccc(O)cc1)C(=O)N[C@@H](Cc1ccccc1)C(=O)N[C@@H](CCC(N)=O)C(=O)O,5d9g_1_GLU-ASN-LEU-TYR-PHE-GLN_0
NC(O)C[C@H](N)C(O)O,5dnc_1_ASN_2
CC1(C)CC2C(CO1)C(N1CCOCC1)NC(SCCC1CCCCC1)[C@@H]2CN,5eno_1_5QG_0
COCCN1CCN([C@@H]2NC(SCC[C@H]3CCC(OC)[C@@H](OC)C3)[C@H](CN)[C@H]3CC(C)(C)OCC23)CC1,5enp_1_5QF_0
CC(O)NC1CCC(CCSC2NC(N3C[C@@H](C)O[C@@H](C)C3)[C@@H]3COC(C)(C)CC3C2CN)CC1,5enq_1_5QE_0
CCC(O)NC1CCC(CCS[C@@H]2NC(N3C[C@H](C)O[C@@H](C)C3)C3COC(C)(C)CC3C2CN)CC1,5enr_1_MBX_0
CN(C)C1CCC(O)C2C1C[C@H]1C[C@H]3[C@H](N(C)C)C(O)C(C(N)O)[C@@H](O)[C@@]3(O)C(O)[C@@H]1C2O,5ent_1_MIY_0
NC1NCNC2C1NCN2[C@@H]1O[C@H](CO[PH](O)(O)O)[C@@H](O)[C@H]1O,5ers_1_AMP_1
CCCCCCCCCCCCCCCC(O)O,5f2t_1_PLM_0
N[C@@H](CC(O)O)C(O)O,5f52_1_ASP_2
NC1NCNC2C1NCN2[C@@H]1O[C@H](C(F)F)[C@@H](O)[C@@H]1O,5fiu_1_Y3J_3
CCC[C@H]1CCC(O)C(OC)C1,5fxd_1_H7Y_1
CO[C@H]1CC(CCCO)CCC1O,5fxe_1_CIY_1
OC(O)C1CCCCC1,5fxf_1_BEZ_0
N[C@@H]1NCN[C@H]2C1NCN2[C@@H]1O[C@H](CO[PH](O)(O)O[PH](O)(O)O[PH](O)(O)O)[C@@H](O)[C@H]1O,5gqi_1_ATP_7
NC1NCNC2C1NCN2[C@@H]1O[C@H](CO[PH](O)(O)O[PH](O)(O)O[PH](O)(O)O)[C@@H](O)[C@H]1O,5gql_1_ATP_4
CC1CCN(C2NCNC3NCNC32)C1,5hhz_1_ZME_0
OC(NC1CNNS1)N[C@H]1CCC[C@H](OC(F)(F)F)C1,5hmr_1_FDZ_0
OCC[C@H]1CCCC[C@@H]1NC(O)N[C@H]1CNNS1,5hqx_1_EDZ_0
N[C@@H](CCC(O)O)C(O)O,5hw0_1_GLU_2
OC[C@H]1O[C@@H](O)[C@@H](O)[C@@H](O)[C@@H]1O,5ida_1_BMA_0
N[C@@H](CC(O)O)C(O)O,5k3o_2_ASP_0
N[C@@H](CCC(O)O)C(O)O,5k45_2_GLU_1
N[C@@H](CCC(O)O)C(O)O,5k4h_2_GLU_3
CC(C)[C@@H](CO)NC(O)[C@@H](N)CC(N)O,5k62_1_ASN-VAL_0
NC(O)C[C@H](N)C(O)NCCO,5k63_1_ASN-GLY_0
NC(O)C[C@H](N)C(O)N[C@H](CO)CCC(O)O,5k66_1_ASN-GLU_0
OC[C@H]1O[C@@H](O)[C@@H](O)[C@@H](O)[C@@H]1O,5mh1_1_BMA_0
CC[SnH](CC)CC,5u82_2_ZN0_0
O[Mo@]12S[Mo@@]1(O)S2,6a71_1_9UX_0
O[Mo@]12S[Mo@@]1(O)S2,6a72_1_9UX_0
C[N+](C)(C)O,6b1b_1_TMO_15
NC1NC(O)C2NCN([C@@H]3O[C@H](CO)[C@@H](O)[C@H]3O[PH]([O-])(O)OC[C@H]3O[C@@H](N4CNC5C(N)NCNC54)[C@H](O)[C@@H]3O[PH]([O-])([O-])O)C2N1,6ea9_1_9BG_0
NC1NCNC2C1NCN2[C@@H]1O[C@H](CO[PH](O)(O)O[PH](O)(O)O)[C@@H](O)[C@H]1O,6ep5_1_ADP_1
NC1NCNC2[C@H]1NCN2[C@@H]1O[C@H](CO[PH](O)(O)O)[C@@H](O)[C@H]1O,6etf_1_AMP_0
NC1NCNC2C1NCN2[C@@H]1O[C@H](CO[PH](O)(O)O[PH](O)(O)O)[C@@H](O)[C@H]1O,6fgc_1_ADP_1
C[C@H]1[C@H](OC(O)CCC(O)O)O[C@@H]2O[C@@]3(C)CC[C@H]4[C@H](C)CC[C@@H]1[C@@]24OO3,6fgc_1_D95_1
NC1NCNC2C1NCN2[C@@H]1O[C@H](CO[PH](O)(O)O)[C@@H](O)[C@H]1O,6gbf_1_AMP_0
CC1CC2NC3C(O)NC(O)NC3N(C[C@H](O)[C@H](O)[C@H](O)CO[PH](O)(O)O)C2CC1C,6jls_1_FMN_6
CCC(O)NC1CCC(C([O-])O)C(C([O-])O)C1,6n19_2_K8V_0
CC(C)(O)C1CCC([C@H]2CC(Cl)C[C@@H](C34(C(N)N)CC3C4)C2)CC1,6nco_1_KQP_0
[O-]C(O)C1CCCC(CCC2CCCCC2)C1N1CCCC1,6npp_1_KWG_0
NC1NCNC2C1NCN2[C@@H]1O[C@H](CO)[C@H]2O[PH]([O-])(O)O[C@H]21,6o6y_1_ACK_0
NC1NCNC2C1NCN2[C@@H]1O[C@H](CO)[C@H]2O[PH]([O-])(O)O[C@H]21,6o70_1_ACK_1
N[C@@H](CC(O)O)C(O)O,6pa2_1_ASP_2
NC(O)C[C@H](N)C(O)O,6pa6_2_ASN_0
N[C@@H](CC(O)O)C(O)O,6paa_1_ASP_2
CC1CC2NC3C(NC(O)N[C@H]3O)N(C[C@H](O)[C@H](O)[C@H](O)CO[PH](O)(O)O[PH](O)(O)OC[C@H]3O[C@@H](N4CNC5C4NCN[C@H]5N)[C@H](O)[C@@H]3O)C2CC1C,6qkr_1_FAD_0
NC1NCNC2C1NCN2[C@@H]1O[C@H](CO[PH](O)(O)O)[C@@H](O)[C@H]1O,6rms_1_AMP_1
C[S@@H](CC[C@H](N)C(O)O)C[C@H]1O[C@@H](N2CNC3C2NCN[C@@H]3N)[C@H](O)[C@@H]1O,6ryz_1_SAM_2
NC1NCNC2[C@H]1NCN2[C@@H]1O[C@H](CCl)[C@@H](O)[C@H]1O,6rz2_1_5CD_2
NC1NCNC2C1NCN2[C@@H]1O[C@H](CO[PH](O)(O)C[PH](O)(O)O)[C@@H](O)[C@H]1O,6tvg_1_AP2_1
C[C@@H](O)SCC[N+](C)(C)C,6uqy_2_AT3_0
C[C@@H](O)SCC[N+](C)(C)C,6ur1_2_AT3_0
NC(O)C[C@H](N)C(O)O,6v2a_1_ASN_3
N[C@H](CCC(O)O)C(O)O,6wyz_1_DGL_1
NC1NC(O)C2NCN([C@@H]3O[C@H](CO)[C@@H](O)[C@H]3O[PH]([O-])(O)OC[C@H]3O[C@@H](N4CNC5C(N)NCNC54)[C@H](O)[C@@H]3O[PH]([O-])(O)O)C2N1,6xb3_3_9BG_1
CC1CCC[C@H](N2NCC[C@H]2C2CC(Cl)C3NNN(C4CC[C@H]5CNNC5C4)C3C2)C1,6xug_1_O1Q_0
OCC[C@H]1CCCC[C@@H]1NC(O)N[C@H]1CCC[C@@H](OC(F)(F)F)C1,6yao_1_OJ2_0
OCC[C@H]1CCCC[C@@H]1NC(O)N[C@H]1CC(Cl)C[C@H](OC(F)(F)F)C1,6yap_1_OHZ_0
OCCC1CCCC[C@H]1N[C@H](O)N[C@H]1C[C@@H](Cl)C[C@@H](OC(F)(F)F)C1,6yaq_1_OHZ_0
